{"cameraMode":{"drawMode":0,"name":"Shaded","section":"Shading Mode"},"sceneLighting":true,"audioPlay":false,"sceneViewState":{"m_AlwaysRefresh":false,"showFog":true,"showSkybox":true,"showFlares":true,"showImageEffects":true,"showParticleSystems":true,"showVisualEffectGraphs":true,"m_FxEnabled":false},"in2DMode":false,"pivot":{"x":25.723308563232423,"y":20.125272750854493,"z":-13.844326972961426},"rotation":{"x":-0.20505549013614655,"y":0.6537376642227173,"z":-0.19068501889705659,"w":-0.7030097246170044},"size":0.7305296659469605,"orthographic":false}