{"cameraMode":{"drawMode":0,"name":"Shaded","section":"Shading Mode"},"sceneLighting":false,"audioPlay":false,"sceneViewState":{"m_AlwaysRefresh":false,"showFog":true,"showSkybox":false,"showFlares":true,"showImageEffects":true,"showParticleSystems":true,"showVisualEffectGraphs":true,"m_FxEnabled":false},"in2DMode":false,"pivot":{"x":2.1750271320343019,"y":2.8027637004852297,"z":4.205843448638916},"rotation":{"x":0.04224614053964615,"y":-0.9562851190567017,"z":0.1758027970790863,"w":0.22975419461727143},"size":0.8660253882408142,"orthographic":false}